{
    "BAAI/bge-large-en-v1.5": {
        "stats": {
            "guardrail_mismatch": {
                "mean": 0.5014813482761383,
                "std": 0.02227178618553453,
                "min": 0.4714559316635132,
                "max": 0.5284139215946198
            },
            "positive": {
                "mean": 0.11387463303712698,
                "std": 0.04968804524174957,
                "min": 0.027442634105682373,
                "max": 0.5069966912269592
            },
            "negative": {
                "mean": 0.33535778774664954,
                "std": 0.05683301239696619,
                "min": 0.12156540155410767,
                "max": 0.5358723402023315
            }
        }
    },
    "sentence-transformers/all-mpnet-base-v2": {
        "stats": {
            "guardrail_mismatch": {
                "mean": 0.6395926535129547,
                "std": 0.08688698322650543,
                "min": 0.5658379197120667,
                "max": 0.804244339466095
            },
            "positive": {
                "mean": 0.2345830485224724,
                "std": 0.09027254380450563,
                "min": 0.02018064260482788,
                "max": 0.5740699470043182
            },
            "negative": {
                "mean": 0.6144392262069651,
                "std": 0.1210457917198625,
                "min": 0.1117560863494873,
                "max": 0.9637060649693012
            }
        }
    },
    "intfloat/multilingual-e5-large": {
        "stats": {
            "guardrail_mismatch": {
                "mean": 0.19032578468322753,
                "std": 0.01182646902649813,
                "min": 0.17250579595565796,
                "max": 0.2037588357925415
            },
            "positive": {
                "mean": 0.08470969096972392,
                "std": 0.017113543631762512,
                "min": 0.035028040409088135,
                "max": 0.1851283311843872
            },
            "negative": {
                "mean": 0.189075173666844,
                "std": 0.022625110761722054,
                "min": 0.10570675134658813,
                "max": 0.26609086990356445
            }
        }
    }
}