{
    "BAAI/bge-large-en-v1.5": {
        "stats": {
            "negative": {
                "mean": 0.3345734567411484,
                "std": 0.05543679329243628,
                "min": 0.13515621423721313,
                "max": 0.4545701742172241
            },
            "positive": {
                "mean": 0.11845271991145226,
                "std": 0.056058334235607694,
                "min": 0.027442753314971924,
                "max": 0.5069966316223145
            },
            "guardrail_mismatch": {
                "mean": 0.5014813542366028,
                "std": 0.022271796899020604,
                "min": 0.4714559316635132,
                "max": 0.5284139811992645
            }
        }
    },
    "sentence-transformers/all-mpnet-base-v2": {
        "stats": {
            "negative": {
                "mean": 0.6051443000954967,
                "std": 0.12541634200582966,
                "min": 0.16225993633270264,
                "max": 0.8861847966909409
            },
            "positive": {
                "mean": 0.23642700910568237,
                "std": 0.09213888350122455,
                "min": 0.04102373123168945,
                "max": 0.5740699172019958
            },
            "guardrail_mismatch": {
                "mean": 0.6395926773548126,
                "std": 0.08688697193136682,
                "min": 0.565837949514389,
                "max": 0.804244339466095
            }
        }
    },
    "intfloat/multilingual-e5-large": {
        "stats": {
            "negative": {
                "mean": 0.18791624230723228,
                "std": 0.024142813055927324,
                "min": 0.10746604204177856,
                "max": 0.25194984674453735
            },
            "positive": {
                "mean": 0.08682039533891986,
                "std": 0.01895659429187637,
                "min": 0.04188591241836548,
                "max": 0.18512827157974243
            },
            "guardrail_mismatch": {
                "mean": 0.19032566547393798,
                "std": 0.011826444121512795,
                "min": 0.17250573635101318,
                "max": 0.20375871658325195
            }
        }
    }
}